{"cameraMode":{"drawMode":0,"name":"Shaded","section":"Shading Mode"},"sceneLighting":false,"audioPlay":false,"sceneViewState":{"showFog":true,"showMaterialUpdate":false,"showSkybox":true,"showFlares":true,"showImageEffects":true,"showParticleSystems":true},"in2DMode":false,"pivot":{"x":3.2162575721740724,"y":0.42049360275268557,"z":0.09567175805568695},"rotation":{"x":0.04861238971352577,"y":0.6950236558914185,"z":-0.04720168933272362,"w":0.7157869338989258},"size":2.8578836917877199,"orthographic":false}