{"cameraMode":{"drawMode":0,"name":"Shaded","section":"Shading Mode"},"sceneLighting":false,"audioPlay":false,"sceneViewState":{"showFog":true,"showMaterialUpdate":false,"showSkybox":true,"showFlares":true,"showImageEffects":true,"showParticleSystems":true},"in2DMode":false,"pivot":{"x":6.582318305969238,"y":-0.22997307777404786,"z":-4.967212200164795},"rotation":{"x":0.0038959726225584747,"y":0.9954673051834106,"z":-0.08262370526790619,"w":0.04693524166941643},"size":22.0,"orthographic":false}