{"cameraMode":{"drawMode":0,"name":"Shaded","section":"Shading Mode"},"sceneLighting":false,"audioPlay":false,"sceneViewState":{"showFog":true,"showMaterialUpdate":false,"showSkybox":true,"showFlares":true,"showImageEffects":true,"showParticleSystems":true},"in2DMode":false,"pivot":{"x":6.422484874725342,"y":2.036682605743408,"z":-5.795936584472656},"rotation":{"x":0.00867561623454094,"y":0.9895434379577637,"z":-0.12716694176197053,"w":0.06750620901584625},"size":16.379352569580079,"orthographic":false}