{"cameraMode":{"drawMode":0,"name":"Shaded","section":"Shading Mode"},"sceneLighting":false,"audioPlay":false,"sceneViewState":{"showFog":true,"showMaterialUpdate":false,"showSkybox":true,"showFlares":true,"showImageEffects":true,"showParticleSystems":true},"in2DMode":false,"pivot":{"x":6.582318305969238,"y":0.7240269184112549,"z":-4.967212200164795},"rotation":{"x":-0.0577925406396389,"y":0.6866638660430908,"z":-0.05491959676146507,"w":-0.7225902080535889},"size":7.711869716644287,"orthographic":false}