{"cameraMode":{"drawMode":0,"name":"Shaded","section":"Shading Mode"},"sceneLighting":true,"audioPlay":false,"sceneViewState":{"showFog":true,"showMaterialUpdate":false,"showSkybox":true,"showFlares":true,"showImageEffects":true,"showParticleSystems":true},"in2DMode":false,"pivot":{"x":15.21420955657959,"y":9.875086784362793,"z":86.0445327758789},"rotation":{"x":-0.07074461877346039,"y":0.013192237354815007,"z":-0.000936517957597971,"w":-0.9974067807197571},"size":131.65768432617188,"orthographic":true}